id,error_description,example,mathematical_domain,mathematical_topic,mathematical_subtopic,population_type,grade_band_as_declared,bibtex_key,authors,year,journal,orientation,salience,page_refs,local_pdf_path
37470,"Students rely almost exclusively on standard rounding to the closest leading power of 10, selecting choices that reflect this procedure even when it yields an incorrect or less accurate estimate.","When estimating 98 x 2.62, a large percentage of students chose 100 x 3, which resulted from standard rounding, rather than the closer estimate of 100 x 2.5.",whole_number,computational estimation,standard rounding,student,grades five through eight,JRME_Schoen_1990_Outcomes,"Harold L. Schoen, Glendon Blume, and H. D. Hoover",1990,Journal for Research in Mathematics Education,uncoded,primary,"66, 67, 72",pdfs/JRME/JRME_Schoen_1990_Outcomes.pdf
37492,"A student claims zero is 'special' and exempt from being even or odd because, unlike other even numbers, adding zero to itself does not produce a larger, new even number.","Nathan claims zero is special because 'even numbers make even numbers' like 2+2=4 and 4+4=8, implying zero doesn't follow this generative pattern in the same way.",whole_number,parity,zero,student,third grade,JRME_Ball_2008_Making,"Deborah Loewenberg Ball, Jennifer Lewis and Mark Hoover Thames",2008,Journal for Research in Mathematics Education. Monograph,productive,primary,"28, 29, 34, 35, 36, 197",pdfs/JRME/JRME_Ball_2008_Making.pdf
37527,Students directly round a decimal or fractional remainder from a division calculation up or down without appropriately interpreting the result in the real-world context of the problem.,"To find how many 24-person buses are needed for 296 people, a student computes 12.3 and incorrectly writes 'The remainder is less than 5, so I just take the .3 away' and answers 12.",whole_number,division,interpreting remainders,student,sixth-grade,JRME_Cai_1995_Cognitive,Jinfa Cai,1995,Journal for Research in Mathematics Education. Monograph,uncoded,primary,"68, 69, 70",pdfs/JRME/JRME_Cai_1995_Cognitive.pdf
37546,"PSTs incorrectly generalize the relationships between powers of ten, asserting that 100 times 100 equals 1000.","When discussing the relationships among unit types, 40 percent of the PSTs stated at least once that 100 x 100 = 1000.",whole_number,powers of ten,multiplicative relationships,PST,elementary,JRME_Thanheiser_2009_Preservice,Eva Thanheiser,2009,Journal for Research in Mathematics Education,uncoded,secondary,"274, 275",pdfs/JRME/JRME_Thanheiser_2009_Preservice.pdf
37589,"When transitioning to double-digit multipliers, prospective teachers initially attempt to compute the product by multiplying the tens by the tens and the ones by the ones, failing to account for the cross-products.","To mentally compute 23 x 23, a student calculated 20 x 20 + 3 x 3, obtaining 409.",whole_number,multidigit multiplication,partial products,PST,undergraduate,JRME_Whitacre_2016_Prospective,Ian Whitacre and Susan D. Nickerson,2016,Journal for Research in Mathematics Education,productive,primary,"285, 286, 287",pdfs/JRME/JRME_Whitacre_2016_Prospective.pdf
37635,"Students inappropriately use buggy subtraction procedures, relying on blind application of rules like automatically crossing out a zero and replacing it with a nine.","When solving 3004 - 286, a student immediately replaced the 0 in the minuend numeral with 9 without properly executing a regrouping action.",whole_number,subtraction,regrouping across zeros,student,fourth-grade,JRME_Thompson_1992_Notations,Patrick W. Thompson,1992,Journal for Research in Mathematics Education,uncoded,secondary,136,pdfs/JRME/JRME_Thompson_1992_Notations.pdf
37669,"The student applies a buggy subtraction algorithm by reversing the order of the numbers in a column, always subtracting the smaller digit from the larger digit to avoid borrowing.","When calculating 703 minus 245, Talli switched the order of the numbers, subtracting 3 from 5 to get 2, 0 from 4 to get 4, and 2 from 7 to get 5, resulting in the incorrect answer 542.",whole_number,multi-digit subtraction,standard algorithm,student,11th graders,JRME_BenYehuda_2005_Doing,"Miriam Ben-Yehuda, Ilana Lavy, Liora Linchevski, Anna Sfard",2005,Journal for Research in Mathematics Education,uncoded,primary,"209, 234, 235, 247",pdfs/JRME/JRME_BenYehuda_2005_Doing.pdf
37690,Students rely on superficial linguistic cues rather than an understanding of the semantic structure to select a calculation strategy.,"Lisa responded to a comparison problem by saying, 'times as many ... that's multiply ... three fours.'",whole_number,multiplication,multiplicative comparison,student,Grades 2 and 3,JRME_Mulligan_1997_Young,Joanne T. Mulligan and Michael C. Mitchelmore,1997,Journal for Research in Mathematics Education,uncoded,secondary,320,pdfs/JRME/JRME_Mulligan_1997_Young.pdf
37726,"Teachers accept a proof of a specific, particular case as a valid proof for the general case.",Four teachers rated a proof showing that 756 is divisible by 3 because the sum of its digits is divisible by 3 as a valid proof for the general divisibility rule for any whole number.,whole_number,proof and justification,particular vs. general cases,in_service,secondary school (Grades 9-12),JRME_Knuth_2002_Secondary,Eric J. Knuth,2002,Journal for Research in Mathematics Education,uncoded,primary,394,pdfs/JRME/JRME_Knuth_2002_Secondary.pdf
37783,"When confronted with the unrealistic nature of their straightforward arithmetic solutions, students stubbornly invent far-fetched contextual conditions to justify their answers rather than critically revising their mathematical model.","After incorrectly answering that 300 soldiers could transport '38 crates' (which require 8 men each), a student justified the remaining 4 men carrying the 38th crate by suggesting they 'might be extremely strong soldiers.'",whole_number,word problems,division with remainder,student,fifth- and sixth-grade,JRME_Verschaffel_1997_Teaching,Lieven Verschaffel and Erik De Corte,1997,Journal for Research in Mathematics Education,uncoded,secondary,"590, 595",pdfs/JRME/JRME_Verschaffel_1997_Teaching.pdf
37796,"When asked to map inverse operations, students formulate mathematically incorrect subtraction equations by improperly ordering the numbers from a related addition family.","Given the addition fact 5 + 4 = 9, a student attempts to write a matching subtraction sentence and writes 4 - 5 = 1.",whole_number,subtraction,inverse relationship to addition,student,second-grade,JRME_Steinberg_1985_Instruction,Ruth M. Steinberg,1985,Journal for Research in Mathematics Education,uncoded,secondary,349,pdfs/JRME/JRME_Steinberg_1985_Instruction.pdf
37817,"Students rely exclusively on procedural division to determine divisibility, failing to use prime factorization or conceptual properties of multiples.","When asked if 3^3 x 5^2 x 7 is divisible by 7, a student multiplies out the entire number to get 4725 and then divides it by 7 to check for a whole number quotient.",whole_number,divisibility,prime factorization,PST,preservice elementary school teachers,JRME_Zazkis_1996_Divisibility,Rina Zazkis and Stephen Campbell,1996,Journal for Research in Mathematics Education,uncoded,primary,"546, 547, 548",pdfs/JRME/JRME_Zazkis_1996_Divisibility.pdf
37840,A child overgeneralizes counting patterns by inventing new terms based on perceived rules rather than the standard sequence.,"When asked what comes after 29, the child answers 'tenty' because ten follows nine and the twenties end in 'ty'.",whole_number,counting,number words,mixed,"preschool, primary, junior high",JRME_Baroody_1990_Chapter,Arthur J. Baroody and Herbert P. Ginsburg,1990,Journal for Research in Mathematics Education. Monograph,uncoded,secondary,"55, 56",pdfs/JRME/JRME_Baroody_1990_Chapter.pdf
37856,"Children believe that counting after dealing out discrete items is logically essential to establish a fair share, failing to recognize that the systematic dealing procedure intrinsically ensures equality.","When asked if a boy in a video knew the dolls had a fair share before counting, a child replied 'No... Because he hadn't counted them.'",whole_number,sharing,dealing and counting,student,second-grade,JRME_Davis_1990_Cognitive,Gary Ernest Davis and Anne Pitkethly,1990,Journal for Research in Mathematics Education,uncoded,primary,"146, 149, 150, 152, 153",pdfs/JRME/JRME_Davis_1990_Cognitive.pdf
37881,"When attempting to find a total that includes hidden items, students in a transitional counting stage may successfully count visible items first but then fail to keep track of the number of subsequent counts needed for the hidden items, resulting in an incorrect total.","When told there were 7 pigs hidden in a shed and 4 visible outside, a developing counter would count the visible pigs first and then try to count the hidden ones by pointing over the shed, but lose track of their counts and report an incorrect total of 8 or 9.",whole_number,counting,hidden items,student,preschool,JRME_Pepper_1998_Preschoolers',Kristine L. Pepper and Robert P. Hunting,1998,Journal for Research in Mathematics Education,uncoded,secondary,174,pdfs/JRME/JRME_Pepper_1998_Preschoolers'.pdf
37901,"A student draws a model representing a division problem with remainders by creating equal groups that sum to a different total than the dividend, and pairs it with a mismatched number sentence.","For a problem with 23 candles and 3 in each row, Andre drew 3 columns of 8, totaling 24, and wrote the number sentence 24 / 8 = 3.",whole_number,division,remainders and models,in_service,third-grade,JRME_Bray_2011_Collective,Wendy S. Bray,2011,Journal for Research in Mathematics Education,uncoded,primary,"26, 27",pdfs/JRME/JRME_Bray_2011_Collective.pdf
37935,"English-speaking children fail to conceptualize teen numbers as composed of a ten and some ones due to irregular English number words, leading them to rely on less efficient counting strategies rather than make-a-ten methods.","When finding a single-digit total over ten, such as 9 + 5, a student might write down 1 in the tens place and then count fingers (eleven, twelve, thirteen, fourteen) to find out they need to write 4 in the ones place.",whole_number,single-digit addition and subtraction,Teen numbers and base-ten structure,student,"kindergarten, Grade 1, Grade 2",ZDM_Fuson_2009_Cross-cultural,"Karen C. Fuson, Yeping Li",2009,ZDM Mathematics Education,deficit,primary,"795, 796, 800, 801",pdfs/ZDM/ZDM_Fuson_2009_Cross-cultural.pdf
37998,"When estimating and comparing the number of items in visual arrays, individuals erroneously base their judgments on salient continuous visual cues—such as the total area (convex hull) or the average size of the items—rather than the actual numerosity.","Participants performed significantly below chance on incongruent trials with larger set sizes, demonstrating that they systematically chose the array with the larger convex hull even when it contained fewer dots.",whole_number,numerosity comparison,Approximate Number System (ANS),student,7-9 years,ZDM_Clayton_2015_Inhibition,"Sarah Clayton, Camilla Gilmore",2015,ZDM Mathematics Education,deficit,primary,"762, 766, 767",pdfs/ZDM/ZDM_Clayton_2015_Inhibition.pdf
38058,"Students make systematic errors in the counting sequence, particularly around decade transitions, by incorrectly overgeneralizing linguistic patterns.",A student might count '18...19...10-teen...11-teen' or '8...9...10...10-one...10-two'.,whole_number,counting,Decade transitions and teen numbers,student,Kindergarten through Grade 3,ZDM_Ginsburg_2016_Research-inspired,"Herbert P. Ginsburg, Young-Sun Lee, Sandra Pappas",2016,ZDM Mathematics Education,deficit,passing,1008,pdfs/ZDM/ZDM_Ginsburg_2016_Research-inspired.pdf
38090,"When using an empty number line to calculate, students may draw jumps that represent correct arithmetic values but violate the spatial and numerical left-to-right order of the line.","To solve 544 + 296 as 544 + 300 - 4, a student draws a forward jump of +300 to 844, and then draws a forward jump of -4 to 840, incorrectly placing 840 to the right of 844.",whole_number,addition and subtraction,Empty number line,other,primary and middle school,ZDM_Teppo_2014_Visual,"Anne Teppo, Marja van den Heuvel-Panhuizen",2014,ZDM Mathematics Education,deficit,primary,"54, 55",pdfs/ZDM/ZDM_Teppo_2014_Visual.pdf
38107,A student frames the scaling bars on a number line as concrete objects with specific attributes rather than understanding their relational structure.,"To represent '12 + 7', a student collects one long bar and two short bars for 12, and four and three short bars for 7, disregarding the continuous interval scale.",whole_number,number line,Addition,mixed,Grade 1 and Grade 3,ZDM_Steinbring_2015_Mathematical,Heinz Steinbring,2015,ZDM Mathematics Education,productive,primary,"290, 291",pdfs/ZDM/ZDM_Steinbring_2015_Mathematical.pdf
38122,"Students struggle to decompose a number non-canonically when higher-order units are unavailable, defaulting instead to canonical single-digit assignments per unit rank or incorrectly adding the missing unit's digit to another rank.","When asked to order 2615 sticks without bundles of 1000 being available, a student might incorrectly write '6 hundreds 1 ten 5 ones' or '8 hundreds, 1 ten, 5 ones'.",whole_number,place value,Non-canonical decomposition,mixed,grade 3,ZDM_Houdement_2018_Understanding,"Catherine Houdement, Frederick Tempier",2018,ZDM,deficit,primary,,pdfs/ZDM/ZDM_Houdement_2018_Understanding.pdf
38166,Students form an incorrect empirical generalization that all prime numbers are small and that any composite number must have a small prime factor.,"Assuming that 391 is a prime number because it is not divisible by 2, 3, 5, or 7, and explicitly stating that if it were composite it would have a prime factor smaller than 23.",whole_number,prime numbers,Prime decomposition,mixed,middle school to preservice elementary school teachers,ZDM_Zazkis_2008_Role,"Rina Zazkis, Peter Liljedahl, Egan J. Chernoff",2008,ZDM Mathematics Education,deficit,primary,134,pdfs/ZDM/ZDM_Zazkis_2008_Role.pdf
38211,"Preservice teachers confuse the associative property with the commutative property, mistakenly believing that the associative property involves changing the order or rearranging the numbers rather than changing the order of operations or grouping.","When asked to describe AP in words, a PT stated 'numbers can be rearranged in any order,' and when writing a formula, wrote '(a x b) x c = (c x b) x a'.",whole_number,associative property,commutative property,PST,elementary,JMB_Ding_2013_Preservice,"Meixia Ding, Xiaobao Li, Mary M. Capraro",2013,Journal of Mathematical Behavior,deficit,primary,44-45,pdfs/JMB/JMB_Ding_2013_Preservice.pdf
38228,"When performing multi-digit subtraction, children treated the digits in each column as separate single-digit subtraction operations rather than understanding their place value, leading to buggy algorithms.","For 31 - 6, a child read the problem, wrote 31, said 'you can't take 6 from 1', converted 2 tens for units, counted off 6, forgot the other ten, and answered 15.",whole_number,subtraction,multi-digit subtraction algorithms,student,"first three years of school (years 1, 2, and 3)",JMB_BoultonLewis_1998_Children's,Gillian M. Boulton-Lewis,1998,Journal of Mathematical Behavior,deficit,primary,225,pdfs/JMB/JMB_BoultonLewis_1998_Children's.pdf
38247,"When engaging in multi-level tasks that tax their working memory or push them to a higher level of units coordination, students may conflate different levels of units within a multiplicative structure.","While solving a problem about adding seats to a classroom, Carly conflated the rows and the seats in each row, counting columns as rows and adding additional individual seats across the bottom of the columns as if they were new rows.",whole_number,multiplicative reasoning,composite units,student,grade 6,JMB_Norton_2015_Students',"Anderson Norton, Steven Boyce, Catherine Ulrich, Nathan Phillips",2015,Journal of Mathematical Behavior,deficit,primary,"57, 60",pdfs/JMB/JMB_Norton_2015_Students'.pdf
38280,"When coordinating three levels of units, students may conflate the intermediate and overall units, losing track of what physical quantity their numbers refer to, particularly when attempting to reverse operations.","When asked how many boxes he would have if he had 30 cups (knowing 10 cups are in a box), Dylan conflated cups with chips and cents, confusingly arriving at 60 chips and 180 cents before tapping out '9' boxes.",whole_number,multiplicative reasoning,nested units,student,sixth-grade,JMB_Boyce_2017_Dylans,"Steven Boyce, Anderson Norton",2017,Journal of Mathematical Behavior,deficit,primary,"130, 131",pdfs/JMB/JMB_Boyce_2017_Dylans.pdf
38378,"The student viewed multidigit multiplication strictly as a series of isolated single-digit operations, which prevented her from developing an understanding of multiplicative thinking or place value groups.","For 81 times 4, she explained that she multiplied 4 by 1 to get 4, then 4 by 8 to get 32, failing to conceptualize the 8 as representing 80.",whole_number,multidigit multiplication,standard multiplication algorithm,student,second to fourth grade,JMB_Ebby_2005_Powers,Caroline Brayer Ebby,2005,Journal of Mathematical Behavior,deficit,secondary,82,pdfs/JMB/JMB_Ebby_2005_Powers.pdf
38437,"Children idiosyncratically associated large numbers with images of large or fast objects, treating the number as an isolated semantic label for magnitude rather than part of a structured counting sequence.",Anthony drew a truck to represent 100 because 'my Dad's truck does a hundred'. Magnus drew a dinosaur with the number 100 on its back.,whole_number,representation,meaning of large numbers,student,Grades K to 6,JMB_Thomas_2002_Children's,"Noel D. Thomas, Joanne T. Mulligan, Gerald A. Goldin",2002,Journal of Mathematical Behavior,productive,secondary,"122, 126, 127",pdfs/JMB/JMB_Thomas_2002_Children's.pdf
38465,"Students relied strictly on visual imagery of a symmetric static array to plan their folds, which constrained their ability to conceptualize the recursive multiplicative effects of sequences involving three or more folds.","Reynaldo correctly found 6 parts by folding a paper in two then three, envisioning a 2x3 array. But when predicting the result of folding those 6 parts into three parts again, he predicted 9 parts by imagining adding another row of three, rather than multiplying 6 by 3.",whole_number,multiplicative thinking,array multiplication,student,"first-, third-, and fifth-grade",JMB_Empson_2006_Emergence,"Susan B. Empson, Erin Turner",2006,Journal of Mathematical Behavior,deficit,primary,50-52,pdfs/JMB/JMB_Empson_2006_Emergence.pdf
38544,"Students failed to filter out irrelevant descriptive or real-world features from mathematical representations, treating abstract symbols and shapes as pictures requiring episodic stories and realistic detail.","A picture of small circles was described by a low achiever not by its abstract properties but as 'A game of marbles, some in a circle and boys are using others to hit them.'",whole_number,representation,imagery and symbolism,student,age groups 9+ to 12+,JMB_Gray_2000_Objects,"Eddie Gray, Demetra Pitta, David Tall",2000,Journal of Mathematical Behavior,deficit,primary,"406, 407",pdfs/JMB/JMB_Gray_2000_Objects.pdf
38596,"When extending multiplication to multi-digit numbers, students may overgeneralize addition strategies by separately multiplying the tens together and the units together, subsequently adding those partial products while completely omitting the cross-partial products.","To calculate 16 · 25, Ida multiplied the tens (10 · 20) and then the units (6 · 5), adding them together and explaining that 'one doesn't need to calculate all at once, as long as it will be the same number'.",whole_number,multi-digit multiplication,distributivity,student,school years 5-7,JMB_Larsson_2017_Students,"Kerstin Larsson, Kerstin Pettersson, Paul Andrews",2017,Journal of Mathematical Behavior,deficit,primary,,pdfs/JMB/JMB_Larsson_2017_Students.pdf
38616,"Students may avoid the intellectual work of constructing knowledge by relying on superficial cues from the didactical contract, such as automatically applying a recently learned operation without considering the problem's meaning.","When asked to find the number of non-red cars in a lot of 57 cars with 24 red ones, Gaël automatically adds 57 + 24 = 81 because he thinks 'I am going to do what I learned from the teacher.'",whole_number,word problem solving,choosing the operation,student,elementary school,JMB_Brousseau_1999_Case,"Guy Brousseau, Virginia M. Warfield",1999,Journal of Mathematical Behavior,sociocultural,primary,"9, 10, 16, 17, 19, 21, 26",pdfs/JMB/JMB_Brousseau_1999_Case.pdf
38644,"Teachers have difficulty distinguishing the number 1 from the label 'whole number' or from physical 'units', believing that 1 can only be expressed as a single whole and cannot be represented by a repeating decimal.","If it was equal to it would be one whole unit... if it was a whole they'd call it a whole, they call it one.",whole_number,number representation,definition of 1,in_service,fifth grade,JMB_Yopp_2011_Why,"David A. Yopp, Elizabeth A. Burroughs, Brian J. Lindaman",2011,Journal of Mathematical Behavior,deficit,secondary,310,pdfs/JMB/JMB_Yopp_2011_Why.pdf
38726,A university student's informal meaning of a number as a sign representing a quantity conflicts with the lecturer's intended formal logicist definition.,"When the lecturer asks 'Does anyone know what a number is?', the student replies, 'A sign that refers to a quantity,' which the lecturer subsequently ignores.",whole_number,definition of a number,Formal vs. informal meanings,mixed,6-year-old child and future primary education teachers,ESM_Godino_2011_Why,Juan D. Godino & Vicenc Font & Miguel R. Wilhelmi & Orlando Lurduy,2011,Educational Studies in Mathematics,mixed,secondary,"248, 255",pdfs/ESM/ESM_Godino_2011_Why.pdf
38739,"When asked to explain or prove a mathematical rule, students merely provide numerical examples of its use or restate the rule as its own justification, lacking the ability to connect it to existing mathematical knowledge.","When asked to explain why adding a 0 to the end of a number multiplies it by 10, a student simply wrote 'Whatever Whole number you x by 10 you just add A 0' and provided numerical examples like 100146 x 10 = 1001460.",whole_number,multiplication by 10,Proof and explanation,student,,ESM_Bell_1979_Learning,A. W. Bell,1979,Educational Studies in Mathematics,deficit,primary,"368, 369, 371",pdfs/ESM/ESM_Bell_1979_Learning.pdf
38850,"Students fail to abstract prime decomposition into a mathematical object, viewing it instead only as the end product of an operational process.",,whole_number,prime decomposition,Object encapsulation,student,high school (13- to 14-year olds),ESM_Griffiths_2013_Intuiting,Martin Griffiths,2013,Educational Studies in Mathematics,deficit,secondary,"88, 89",pdfs/ESM/ESM_Griffiths_2013_Intuiting.pdf
38871,"Students fail to connect the two numbers being multiplied with the two-dimensional row and column structure of an array, highlighting a lack of understanding of the binary nature of multiplication.","When asked to represent 11x6 on the array, two Year 4 students who knew the answer was 66 via rote memorization were entirely unable to determine how to position the array's right-angle to show the calculation visually.",whole_number,multiplication concepts,Binary nature of multiplication and arrays,student,Year 4 and Year 6,ESM_Barmby_2009_Array,"Patrick Barmby, Tony Harries, Steve Higgins & Jennifer Suggate",2009,Educational Studies in Mathematics,deficit,primary,"233, 234, 236",pdfs/ESM/ESM_Barmby_2009_Array.pdf
38958,"Students incorrectly break down both the dividend and divisor into additions to isolate simplified quotients, misapplying the distributivity of multiplication.","A student erroneously simplifies 346 / 123 into 300 / 100 = 3; 40 / 20 = 2; 6 / 3 = 2, giving a result of 322.",whole_number,division algorithm,Distributivity,student,fifth graders,ESM_Fluckiger_2005_Macro-situation,ANNICK FLUCKIGER,2005,Educational Studies in Mathematics,deficit,secondary,"75, 76",pdfs/ESM/ESM_Fluckiger_2005_Macro-situation.pdf
39001,"When asked to find how many times a factor goes into a number, students rely on additive or multiplicative trial-and-error strategies instead of utilizing division.","To find how many twos go into 52, a student reasons additively: 'Cos two twenty fives are 50, and another one makes 52, and if you share out the other 2 you get 26,' rather than dividing 52 by 2.",whole_number,factors,Division vs addition,student,10-year-old children,ESM_Fielker_1987_Calculator,DAVID S. FIELKER,1987,Educational Studies in Mathematics,productive,secondary,"432, 433",pdfs/ESM/ESM_Fielker_1987_Calculator.pdf
39068,"Students interpret the words 'hundreds', 'tens', and 'ones' merely as indicating the sequential order for writing digits from left to right, rather than representing hierarchical quantitative groupings.","In order to form 445 using written tags, a student might take 4 tens, 5 units and look for 4 hundreds; or a child who has 5 hundreds and 1 unit looks for 0 tens to form 501.",whole_number,place value,"Hundreds, tens, and ones",student,"ages 6 to 10 (1st, 3rd, and 4th year)",ESM_Bednarz_1982_Understanding,NADINE BEDNARZ AND BERNADETTE JANVIER,1982,Educational Studies in Mathematics,deficit,primary,"46, 47, 53",pdfs/ESM/ESM_Bednarz_1982_Understanding.pdf
39079,"Students display profound uncertainty and confusion regarding the language and standard notation of division, failing to distinguish between 'divided by' and 'divided into'.","When asked to represent GBP22 divided among 25 men, three pupils wrote 22)25, 25)22, and 25 / 22, but all read their written expressions aloud identically as '25 divided by 22.'",whole_number,division notation,Language and symbols,student,12- and 13-year-olds,ESM_Bell_1984_Choice,"ALAN BELL, EFRAIM FISCHBEIN, AND BRIAN GREER",1984,Educational Studies in Mathematics,deficit,primary,142,pdfs/ESM/ESM_Bell_1984_Choice.pdf
39124,Students incorrectly apply the 'borrowing from 0' technique in subtraction by decreasing the first non-zero digit to the left but failing to substitute 9 for the intermediate zero.,,whole_number,written subtraction,Borrowing from zero,student,9-12 years old,ESM_Fiori_2005_Experimental,CARLA FIORI AND LUCIANA ZUCCHERI,2005,Educational Studies in Mathematics,deficit,primary,328,pdfs/ESM/ESM_Fiori_2005_Experimental.pdf
39137,"Students make reading errors by misreading important words, preventing them from understanding the intended mathematical operation or units.",Billy reads 'What does fifty-six minus forty equal?' as 'What does fifty-six minutes forty equal?' and incorrectly adds 56 and 40 to answer '96 hours'.,whole_number,verbal arithmetic problems,Reading errors,student,grades 5-7,ESM_Clements_1980_Analyzing,M. A. (KEN) CLEMENTS,1980,Educational Studies in Mathematics,deficit,primary,1,pdfs/ESM/ESM_Clements_1980_Analyzing.pdf
39182,"Teachers and non-teaching adults incorrectly assume that arithmetic word problems conforming to the intuitive 'taking away' model of subtraction are always easier for students, failing to recognize when mental simulation makes those problems more cognitively costly.",Participants wrongly judged that students would find it easier to calculate 42 minus 39 (a difficult mental simulation within the intuitive scope) than finding the missing addend 39 plus what equals 42 (an easy simulation outside the intuitive scope).,whole_number,arithmetic word problems,Problem difficulty and subtraction,mixed,second-grade and elementary,ESM_Gvozdic_2018_When,Katarina Gvozdic & Emmanuel Sander,2018,Educational Studies in Mathematics,deficit,primary,"161, 162, 168, 171, 172",pdfs/ESM/ESM_Gvozdic_2018_When.pdf
39216,"When prompted to abstract a general arithmetical rule from a set of subtraction problems, students struggle to conceptualize the structural pattern and instead retreat to executing isolated calculations for single concrete examples.","While trying to explain why some answers fall below 10 and others do not, Felix attempts a general explanation but ultimately falls back to pointing at the specific digits in the task 12 - 4 = 8, noting that taking 4 from 2 means it 'cannot be simply 10 or so.'",whole_number,subtraction,transition of the 10,student,second-grade,ESM_Steinbring_1997_Epistemological,HEINZ STEINBRING,1997,Educational Studies in Mathematics,sociocultural,primary,"61, 62, 70, 71, 81, 82",pdfs/ESM/ESM_Steinbring_1997_Epistemological.pdf
39298,Preservice teachers falsely evaluate a mathematically valid student-invented strategy using partial differences and negative numbers as incorrect or not generalizable due to their rigid adherence to traditional algorithms.,"Several preservice teachers mistakenly considered Tommy's strategy of subtracting by partial differences to be incorrect, asserting that getting the right answer was merely 'just luck'.",whole_number,subtraction,student-invented strategies,PST,elementary,ESM_Son_2016_Moving,Ji-Won Son,2016,Educational Studies in Mathematics,deficit,primary,"113, 114, 123",pdfs/ESM/ESM_Son_2016_Moving.pdf
39342,Young students perform numerical comparison tasks as socially oriented rituals rather than explorations geared toward an objective mathematical outcome.,"A toddler touches blocks as if counting, but without 1-to-1 correspondence, treating the physical act of counting as the task.",whole_number,counting and comparing sets,early numerical thinking,student,early childhood to seventh grade,ESM_Lavie_2018_Routines,"Irit Lavie, Aya Steiner, Anna Sfard",2018,Educational Studies in Mathematics,productive,primary,,pdfs/ESM/ESM_Lavie_2018_Routines.pdf
39395,"Students inappropriately apply the BEDMAS mnemonic as a strict hierarchical sequence, erroneously concluding that division must always be performed before multiplication.","Calculating 200 ÷ 2 × 50 by doing 2 × 50 = 100 first, and then 200 ÷ 100 = 2, instead of computing left-to-right to get 5000.",whole_number,order of operations,multiplication and division,PST,prospective elementary school teachers,ESM_Zazkis_2018_Order,Rina Zazkis & Annette Rouleau,2018,Educational Studies in Mathematics,deficit,primary,"148, 149, 151, 152",pdfs/ESM/ESM_Zazkis_2018_Order.pdf
39424,"Students pseudo-analytically assume that questions asking to find a 'number greater than x by y' simply require calculating the difference (x - y), relying on fuzzy memories of similar problems rather than conceptual understanding.","When asked on a computer 'Which number is greater than 4 by 7?', a 9-year-old pupil calculates the difference and answers '3'.",whole_number,addition/subtraction,word problems,student,"multiple grades including primary, high school, and college",ESM_Vinner_1997_Pseudo-conceptual,SHLOMO VINNER,1997,Educational Studies in Mathematics,deficit,secondary,"119, 120",pdfs/ESM/ESM_Vinner_1997_Pseudo-conceptual.pdf
39495,"Children interpret the digits in a multi-digit numeral strictly by their individual face values, ignoring positional value and sometimes treating the numeral as an additive assembly of those face values.","To determine whether 298 or 511 is larger, a child chooses 298, reasoning 'there's eight and nine and those are more than all the others.'",whole_number,multi-digit numerals,place value,student,6 year-olds,ESM_Sinclair_1993_Understanding,ANNE SINCLAIR AND NORA SCHEUER,1993,Educational Studies in Mathematics,mixed,primary,"209, 214, 215",pdfs/ESM/ESM_Sinclair_1993_Understanding.pdf
39500,Random selection of combining operation for partial sums based on surface cues.,Subtracting two partial sums because a minus sign was in the middle.,whole_number,numerical expressions,partial sums,student,sixth-graders,ESM_Linchevski_1999_Structure,LIORA LINCHEVSKI and DRORA LIVNEH,1999,Educational Studies in Mathematics,deficit,primary,"187, 188",pdfs/ESM/ESM_Linchevski_1999_Structure.pdf
39540,Students make mental calculation errors when estimating addition with numerous large addends due to cognitive overload from attempting to hold many number facts in their minds at once.,1 868 + 2 451 + 2 949 + 45,whole_number,addition,Mental calculation and estimation,student,fifth grade,MERJ_Bobis_1991_Effect,Janette Bobis,1991,Mathematics Education Research Journal,deficit,primary,"25, 27",pdfs/MERJ/MERJ_Bobis_1991_Effect.pdf
39558,Students believe that it is impossible to divide a smaller number by a larger number.,"When asked to divide 3 by 6, a student says it 'can't be done' or that 5 / 25 'does not go.'",whole_number,division,Dividing a smaller number by a larger number,student,Grade 5 and 6,MERJ_Gooding_1993_Characteristics,Anne Gooding and Kaye Stacey,1993,Mathematics Education Research Journal,deficit,primary,"62, 65",pdfs/MERJ/MERJ_Gooding_1993_Characteristics.pdf
39574,"Students confuse the different manifestations and purposes of number lines (e.g., counting lines versus measuring lines), leading to a mismatch between the model and the intended calculation strategy.",A student states 'I get my number lines mixed up' because they fail to recognize whether the line represents discrete quantities for counting or continuous quantities for measuring.,whole_number,number lines,Continuous vs. discrete models,student,Grade 5,MERJ_HeuvelPanhuizen_2008_Learning,Marja van den Heuvel-Panhuizen,2008,Mathematics Education Research Journal,deficit,secondary,"25, 26",pdfs/MERJ/MERJ_HeuvelPanhuizen_2008_Learning.pdf
39646,"Students assume that a zero in a multiplicative expression means there is nothing to multiply by in that position, leading them to ignore the zero and multiply the remaining factors.","When asked to evaluate 76 x 34 x 0 x 17, a student ignored the zero and evaluated the product of 76 x 34 x 17.",whole_number,multiplication,Multiplication by zero,PST,primary,MERJ_Kaminski_2002_Promoting,Eugene Kaminski,2002,Mathematics Education Research Journal,deficit,primary,"137, 138",pdfs/MERJ/MERJ_Kaminski_2002_Promoting.pdf
39691,"Students identify the correct number domain for rounding but round in the wrong direction, failing to correctly apply the middle value criterion.","Rounding 306 down to 300 instead of up to 310, or rounding 6798 down to 6700 rather than up to 6800.",whole_number,rounding,Direction of rounding,student,second graders,MERJ_Hativa_1993_Constructing,Nira Hativa,1993,Mathematics Education Research Journal,productive,primary,142,pdfs/MERJ/MERJ_Hativa_1993_Constructing.pdf
39727,Students incorrectly attempt to extract a common factor from two multiplicands and struggle to appropriately adjust the remaining expression to maintain equivalence.,"To solve 32 x 24, a student extracted a factor of 8 from both numbers to get 4 x 3 = 12, but was unsure whether to multiply that result by 8 or 80 to get the correct original product.",whole_number,multiplication,Factorization,PST,primary,MERJ_Kaminski_1997_Teacher,Eugene Kaminski,1997,Mathematics Education Research Journal,deficit,secondary,229,pdfs/MERJ/MERJ_Kaminski_1997_Teacher.pdf
39747,Students misinterpret the subtraction sign and incorrectly perform an addition procedure instead of a subtraction.,"For the operation 6-4, a student represents both numbers with balls and counts them all to get a result of 10.",whole_number,subtraction,Meaning of the operation,student,ages from 12 to 31,IJMEST_Herrera_2011_Addition,"Aurelia Noda Herrera, Alicia Bruno, Carina González, Lorenzo Moreno & Hilda Sanabria",2011,International Journal of Mathematical Education in Science and Technology,deficit,primary,"24, 25",pdfs/IJMEST/IJMEST_Herrera_2011_Addition.pdf
39841,"When attempting to estimate multi-digit whole number multiplication, preservice teachers make unreasonable calculations by inappropriately decomposing factors additively rather than multiplicatively.","For 98 x 26, a preservice teacher calculated 98 x 10 x 10 = 980 + 980; or for 142 x 48, multiplied 100 x 40 and 40 x 8 and then added them.",whole_number,multiplication,Estimation strategies,PST,preservice elementary teachers,IJMEST_Son_2018_Computational,"Ji-Won Son, Qintong Hu & Woong Lim",2018,International Journal of Mathematical Education in Science and Technology,deficit,primary,,pdfs/IJMEST/IJMEST_Son_2018_Computational.pdf
39947,Students make unsystematic errors ('slips') and systematic errors due to misusing basic subtraction and addition fact tables.,,whole_number,arithmetic operations,fact tables,student,primary schools,IJMEST_Attisha_1984_Microcomputer-aided,M. G. Attisha & K. J. Al-Daimi,1984,International Journal of Mathematical Education in Science and Technology,deficit,secondary,"561, 563",pdfs/IJMEST/IJMEST_Attisha_1984_Microcomputer-aided.pdf
40018,"A preschool child struggles to accurately count a set of objects, skipping numbers in the counting sequence or reciting odd numbers when asked for the total quantity.","When asked to count 6 cubes, a child says '1, 2, 3, 6, 7, 8'. When asked 'How many cubes are in the box?', the child points to the objects one by one and says '3, 5, 7'.",whole_number,counting,one-to-one correspondence,mixed,primary,JMTE_Potari_2009_Primary,"Despina Potari, Barbara Georgiadou-Kabouridis",2009,Journal of Mathematics Teacher Education,deficit,secondary,15,pdfs/JMTE/JMTE_Potari_2009_Primary.pdf
40044,Children make off-by-one errors when using a counting-on procedure for addition because they struggle to simultaneously track the sequence of movement and the sequence that controls the stopping point.,common errors such as yielding an answer which is removed by 1,whole_number,addition,counting-on,PST,secondary,JMTE_Peled_2007_Role,Irit Peled,2007,J Math Teacher Educ,deficit,passing,"370, 371",pdfs/JMTE/JMTE_Peled_2007_Role.pdf
40064,"Teachers overly rely on manipulatives to explain place value, treating 'Number Units' (like hundreds) merely as physical groupings (like bags) rather than written mathematical equivalences, which hinders students from generalizing and decontextualizing the decimal principle.","When a student correctly notes that 12 hundreds is equal to one thousand and two hundreds, the teacher reformulates this purely in terms of manipulatives ('put ten bags in a box') and fails to write the mathematical conversion on the board (12 hundreds = 1 thousand 2 hundreds).",whole_number,place value,manipulatives vs. written number units,in_service,third grade (8-/9-year-old students),JMTE_Tempier_2016_New,Frédérick Tempier,2016,J Math Teacher Educ,deficit,primary,"268, 269",pdfs/JMTE/JMTE_Tempier_2016_New.pdf
40096,"Teachers may 'over-hear' student explanations, erroneously attributing sophisticated generalizations and complete logical arguments to students who have only provided superficial or partial statements, often because the teacher projects their own understanding of the correct solution onto the student.","When a student simply states 'Because the number 15 is odd and the number 4 is even, then it's impossible', the teacher 'quotes' the student as having provided a complete deduction: '...When you have an odd number, and you take off an even [number] you will be left with an odd number, and you would not be able to divide it by 2.'",whole_number,problem solving,interpreting student thinking,in_service,fourth grade,JMTE_Wallach_2005_Hearing,TALI WALLACH and RUHAMA EVEN,2005,Journal of Mathematics Teacher Education,deficit,primary,"402, 403, 413, 414",pdfs/JMTE/JMTE_Wallach_2005_Hearing.pdf
40127,A student attempting to solve a join-change-unknown problem by counting up loses track of the double count because the method makes too many demands on his working memory.,"He was keeping track of how many numbers were added by going back and forth between each number sequence: 'first is 18, second is 19, third is 20' and so forth until he got to 'ninth is 26.' He lost track of his double count here and stopped.",whole_number,addition,counting on / keeping track,in_service,fourth grade,JMTE_Steinberg_2004_Inquiry,"RUTH M. STEINBERG, SUSAN B. EMPSON and THOMAS P. CARPENTER",2004,Journal of Mathematics Teacher Education,deficit,secondary,247,pdfs/JMTE/JMTE_Steinberg_2004_Inquiry.pdf
40159,"Students attempt to prove a general mathematical theorem by providing a single numerical example, demonstrating an empirical or inductive proof scheme.","Proving ""if a is a factor of b and a is a factor of c, then a is a factor of b*c"" by substituting a=2, b=4, and c=6.",whole_number,mathematical proof,empirical reasoning,PST,secondary,JMTE_Bleiler_2014_Providing,"Sarah K. Bleiler, Denisse R. Thompson, Milé Krajčevski",2014,J Math Teacher Educ,deficit,primary,"118, 119",pdfs/JMTE/JMTE_Bleiler_2014_Providing.pdf
40179,"When attempting to write word problems for division by zero, students struggle to conceptualize 'two divided by zero' and intuitively alter the wording to represent 'zero divided by two' because it makes more sense to them.","The problem that was shared on the board dealt with a mother dividing two cookies among zero children. The wording was confusing to the students and they wanted to change it. Their suggested change, however, made the problem imply zero divided by two, which everyone liked better because it made sense to them.",whole_number,division,division by zero,PST,elementary and middle school,JMTE_Tyminski_2010_Teacher,Andrew M. Tyminski,2010,Journal of Mathematics Teacher Education,deficit,primary,"300, 301",pdfs/JMTE/JMTE_Tyminski_2010_Teacher.pdf
40222,"Students lack a conceptual understanding of the subtraction step in the long-division algorithm, offering procedural or superficial justifications instead of understanding that it represents removing the quantity already distributed into equal groups.","When asked to explain the reason for the subtraction step (14 - 14 = 0) in 140 ÷ 7, students responded 'to find the remainder,' 'to find what is left,' 'to check the answer,' or 'to make the problem easier, because the number is smaller.'",whole_number,division,standard algorithm,in_service,fifth grade,JMTE_Tzur_2001_Account,"RON TZUR, MARTIN A. SIMON, KAREN HEINZ and MARGARET KINZEL",2001,Journal of Mathematics Teacher Education,deficit,secondary,"237, 238",pdfs/JMTE/JMTE_Tzur_2001_Account.pdf
40272,"Young children simply added the two numbers in a story problem, regardless of the semantic action or mathematical operation actually required by the problem's context.","They tended simply to add the two numbers in the problems posed, regardless of the action in the problem.",whole_number,story problems,operations,PST,elementary school,JMTE_Ambrose_2004_Initiating,Rebecca Ambrose,2004,Journal of Mathematics Teacher Education,deficit,secondary,115,pdfs/JMTE/JMTE_Ambrose_2004_Initiating.pdf
40310,"Students map temporal periods on a number line using a sequential left-to-right strategy, comparing only adjacent numbers rather than viewing the scale in its totality, which leads to exaggerating the distances between smaller units.",Ben was one of two students who said the space between a month and a year on timeline 1 should be smaller than that between a day and a month because it only takes 12 months to make a year while it takes 30 days to make a month.,whole_number,number lines,scaling and magnitude,student,"eighth grade, 11th grade, and university",IJSME_Cheek_2012_Students',KIM A. CHEEK,2012,International Journal of Science and Mathematics Education,deficit,primary,"1057, 1058, 1063",pdfs/IJSME/IJSME_Cheek_2012_Students'.pdf
40327,"To prove that division by zero is impossible, students incorrectly assume the quotient must be zero and use a single numerical example to show a contradiction rather than providing a formal deductive proof.","4 : 0 = 0—in order to check whether this exercise is correct, we should use multiplication: 0 x 0 = [not 4] 0 and therefore division by 0 cannot be executed.",whole_number,division by zero,proof and justification,PST,elementary school,IJSME_Guberman_2016_Development,Raisa Guberman,2016,International Journal of Science and Mathematics Education,deficit,secondary,749,pdfs/IJSME/IJSME_Guberman_2016_Development.pdf
40473,"Students fail to connect real-world constraints to mathematical outcomes, proposing decimal answers for discrete real-world objects.","Students provided decimal answers such as 39.4, 31.2, or 49.5 for the number of buses needed to transport workers.",whole_number,division,practicality of the answer,student,eighth grade,IJSME_Alajmi_2010_Examining,AMAL HUSSAIN ALAJMI and ROBERT REYS,2010,International Journal of Science and Mathematics Education,deficit,primary,"128, 134",pdfs/IJSME/IJSME_Alajmi_2010_Examining.pdf
40535,"Students inappropriately apply material understandings of multiplication, erroneously believing that multiplication always increases magnitude.",,whole_number,multiplication,magnitude and scaling,student,secondary / adolescence,RME_Watson_2010_Shifts,Anne Watson,2010,Research in Mathematics Education,productive,secondary,138,pdfs/RME/RME_Watson_2010_Shifts.pdf
40568,"Preservice teachers use empirical testing and short cuts to modify base 10 algorithms for base 8 problems, manipulating symbols to get correct answers without conceptualizing the underlying quantities.","For the problem 13 + 26, they reasoned that in base 10 the answer is 39 so in base 8 it would be 2 more because they were adding, or 41.",whole_number,place value,base systems,PST,preservice elementary teachers,MTL_McClain_2003_Supporting,Kay McClain,2003,Mathematical Thinking and Learning,deficit,primary,"286, 287",pdfs/MTL/MTL_McClain_2003_Supporting.pdf
40608,"Students interpret the empty number line merely as a way of notating collection-based calculations rather than as a continuous linear-counting model, leading to varying and incompatible numerical interpretations.","When solving 90 - 8, some students interpreted a counting-back jump as taking away 2 or 3 candies, while others reasoned that taking away 8 from the 9th decade (which they identified as 80-89) would leave 81 candies.",whole_number,subtraction,empty number line,student,first-grade,MTL_Gravemeijer_1999_How,Koeno Gravemeijer,1999,Mathematical Thinking and Learning,productive,primary,"166, 167",pdfs/MTL/MTL_Gravemeijer_1999_How.pdf
40672,"Students fail to coordinate the groups of imaginary unit squares with the individual addends in numeric labels, inappropriately using the same addend for multiple sub-regions without regard to the actual dimensions of the quadrant.","Jodi arrived at 10 x 6 = 60 for the 6-by-30 quadrant by using the '6' from her 10+10+6 label and one of the '10's from her 10+10+10+8 label, ignoring the actual dimensions of the quadrant.",whole_number,area models,determining areas of quadrants,student,fourth-grade,MTL_Izsak_2004_Teaching,Andrew Izsak,2004,Mathematical Thinking and Learning,deficit,primary,"68, 69, 70, 71",pdfs/MTL/MTL_Izsak_2004_Teaching.pdf
